<?xml version="1.0" encoding="UTF-8" ?>
<module>
    <name>dynamicproduct</name>
    <displayName><![CDATA[Produit Dynamique]]></displayName>
    <version><![CDATA[2.3.4]]></version>
    <description><![CDATA[Permettez &agrave; vos clients de personnaliser leurs produits et d&#039;avoir des prix dynamiques calcul&eacute;s &agrave; base des valeurs qu&#039;ils saisissent.]]></description>
    <author><![CDATA[Tuni-Soft]]></author>
    <tab><![CDATA[front_office_features]]></tab>
    <is_configurable>1</is_configurable>
    <need_instance>0</need_instance>
	<limited_countries></limited_countries>
</module>